{
  "code": "BB72",
  "objective": "exposure",
  "sigma_L": [
    5,
    22,
    25,
    1,
    4,
    8,
    10,
    6,
    2,
    0,
    9,
    13,
    11,
    15,
    12,
    17,
    20,
    16,
    18,
    19,
    24,
    26,
    31,
    23,
    30,
    21,
    32,
    35,
    27,
    28,
    14,
    3,
    29,
    7,
    33,
    34
  ],
  "sigma_Z": [
    9,
    1,
    2,
    13,
    3,
    4,
    5,
    7,
    8,
    6,
    11,
    14,
    10,
    15,
    12,
    0,
    16,
    21,
    17,
    18,
    19,
    20,
    25,
    22,
    28,
    23,
    26,
    24,
    27,
    29,
    30,
    31,
    32,
    35,
    33,
    34
  ],
  "x_positions": {
    "X": 0.0,
    "L": 1.0,
    "R": 2.0,
    "Z": 3.0
  },
  "scale_y": 1.0,
  "opt_info": {
    "objective": "exposure",
    "initial_cost": 0.09580501739569049,
    "sa_cost": 0.09580501739569049,
    "final_cost": 0.057482266172487535,
    "n_restarts": 20,
    "n_reference_logicals": 7,
    "reference_supports": [
      [
        3,
        6,
        12,
        15,
        18,
        24
      ],
      [
        4,
        7,
        13,
        16,
        19,
        25
      ],
      [
        5,
        8,
        14,
        17,
        20,
        26
      ],
      [
        0,
        9,
        12,
        15,
        21,
        27
      ],
      [
        3,
        6,
        9,
        15,
        21,
        30
      ],
      [
        4,
        7,
        10,
        16,
        22,
        31
      ],
      [
        3,
        12,
        21,
        24,
        27,
        33
      ]
    ]
  },
  "note": "GATE FAILED on exhaustive 26-support family. Saved for reproducibility only."
}