{
  "code": "BB72",
  "objective": "exposure",
  "sigma_L": [
    3,
    13,
    2,
    4,
    7,
    6,
    11,
    8,
    9,
    16,
    14,
    5,
    17,
    15,
    23,
    18,
    20,
    25,
    21,
    22,
    32,
    27,
    26,
    28,
    34,
    35,
    30,
    24,
    29,
    33,
    0,
    31,
    12,
    19,
    1,
    10
  ],
  "sigma_Z": [
    0,
    21,
    16,
    12,
    4,
    7,
    3,
    15,
    8,
    9,
    10,
    11,
    5,
    13,
    2,
    6,
    14,
    1,
    19,
    17,
    18,
    20,
    22,
    24,
    23,
    25,
    26,
    27,
    28,
    29,
    34,
    30,
    31,
    35,
    32,
    33
  ],
  "x_positions": {
    "X": 0.0,
    "L": 1.0,
    "R": 2.0,
    "Z": 3.0
  },
  "scale_y": 1.0,
  "opt_info": {
    "objective": "exposure",
    "initial_cost": 0.030306386991792434,
    "sa_cost": 0.03030638699179243,
    "final_cost": 0.02239302665283988,
    "n_restarts": 10,
    "reference_family_source": "explicit_36_supports",
    "reference_family_size": 36,
    "reference_family_hash": "0dd8f668a87ab592",
    "reference_supports": [
      [
        0,
        3,
        6,
        12,
        27,
        30
      ],
      [
        0,
        3,
        9,
        15,
        24,
        33
      ],
      [
        0,
        6,
        9,
        12,
        18,
        33
      ],
      [
        0,
        6,
        21,
        24,
        30,
        33
      ],
      [
        0,
        9,
        12,
        15,
        21,
        27
      ],
      [
        0,
        15,
        18,
        24,
        27,
        30
      ],
      [
        1,
        4,
        7,
        13,
        28,
        31
      ],
      [
        1,
        4,
        10,
        16,
        25,
        34
      ],
      [
        1,
        7,
        10,
        13,
        19,
        34
      ],
      [
        1,
        7,
        22,
        25,
        31,
        34
      ],
      [
        1,
        10,
        13,
        16,
        22,
        28
      ],
      [
        1,
        16,
        19,
        25,
        28,
        31
      ],
      [
        2,
        5,
        8,
        14,
        29,
        32
      ],
      [
        2,
        5,
        11,
        17,
        26,
        35
      ],
      [
        2,
        8,
        11,
        14,
        20,
        35
      ],
      [
        2,
        8,
        23,
        26,
        32,
        35
      ],
      [
        2,
        11,
        14,
        17,
        23,
        29
      ],
      [
        2,
        17,
        20,
        26,
        29,
        32
      ],
      [
        3,
        6,
        9,
        15,
        21,
        30
      ],
      [
        3,
        6,
        12,
        15,
        18,
        24
      ],
      [
        3,
        9,
        18,
        27,
        30,
        33
      ],
      [
        3,
        12,
        21,
        24,
        27,
        33
      ],
      [
        4,
        7,
        10,
        16,
        22,
        31
      ],
      [
        4,
        7,
        13,
        16,
        19,
        25
      ],
      [
        4,
        10,
        19,
        28,
        31,
        34
      ],
      [
        4,
        13,
        22,
        25,
        28,
        34
      ],
      [
        5,
        8,
        11,
        17,
        23,
        32
      ],
      [
        5,
        8,
        14,
        17,
        20,
        26
      ],
      [
        5,
        11,
        20,
        29,
        32,
        35
      ],
      [
        5,
        14,
        23,
        26,
        29,
        35
      ],
      [
        6,
        15,
        18,
        21,
        27,
        33
      ],
      [
        7,
        16,
        19,
        22,
        28,
        34
      ],
      [
        8,
        17,
        20,
        23,
        29,
        35
      ],
      [
        9,
        12,
        18,
        21,
        24,
        30
      ],
      [
        10,
        13,
        19,
        22,
        25,
        31
      ],
      [
        11,
        14,
        20,
        23,
        26,
        32
      ]
    ]
  }
}